AD ID,Contact,For Rent By,URL,Ad Name,Map Link,Date Posted,Unit Type,Bedrooms,Bathrooms,Featured,Rent,Description,Utilities included,Photos,Wi-Fi and More,Parking Included,Agreement Type,Move-In Date,Pet Friendly,Size (sqft),Furnished,Appliances,Air Conditioning,Personal Outdoor Space,Smoking Permitted,Amenities,Elevator Accessibility Features,Barrier-free Entrances and Ramps,Visual Aids,Accessible Washrooms in Suite
1578909948,https://www.kijiji.ca/o-profile/57081077/listings/1,Owner,https://www.kijiji.ca/v-apartments-condos/richmond-bc/750-luxury-big-room-in-the-beautiful-garden-house-richmond/1578909948,$750 Luxury big room in the beautiful garden house(Richmond),"https://www.google.com/maps/search/No+4+road+and+Williams+road,,+Richmond+V7A+3E6+BC,+Canada","August 1, 2021 5:10 AM",House, 1, 1,No,$750,"We have beautiful furnished bedrooms available(queen size bed) in beautiful and super quiet LUXURY house in Richmond BC. Great location: Bus stop '401' in front of the door, Easy to reach Skytrain substation, Close to Highway and airplane close to all amenities, can walk to recreation center and shopping centers. Quiet area, No airplane noise area.Prefer professional male for long term renting. Include: WIFI, Water/ Electrical, Many free own Parking space, BBQ 24 hours kitchen’s use ; 24 hours own parking space.
Prefer professional male for long term renting.
Prefer professional male for long term renting.$750/m of separate washroom and $800/m of a private washroom.","Hydro
Heat
Water",Yes,Internet,1,1 Year,"August 1, 2021",No,120,Yes,Fridge / Freezer,No,Yard,Outdoors only,N/A,N/A,N/A,N/A,N/A
1581736491,https://www.kijiji.ca/o-profile/85187010/listings/1,Owner,https://www.kijiji.ca/v-apartments-condos/richmond-bc/nice-clean-new-2br-suite-close-terra-nova-in-richmond/1581736491,Nice & clean & new 2BR Suite (close Terra Nova in Richmond),"https://www.google.com/maps/search/,+Richmond+V7C1B7+BC,+Canada","August 20, 2021 5:48 AM",House, 2, 1,No,"$1,800","Located on Westminster Hwy @ Riverdale Dr, Richmond BC
Rent: $1800 per month all utilities inclusive (Hot & Cold Water, Electricity, Heating, Washer)
New Suite & Appliance
All furnished
Available: Oct. 1st
Amenities: All Utilities - Hot &Cold Water, Electricity, Gas floor heating, WiFi
Living room:1
Bedroom: 2
Bathrooms: 1
Kitchen: 1
Bar counter: 1
Features: Private entrance, 10’ Ceiling, Close to Dyke & Trail
Appliances: Stove range, Refrigerator, Washer, no dryer
Parking: yard parking
Pets Policy: Sorry, No Pets
*1 min. walk to Bus stops
*3 min. walk to Trail & Park, Elementary
*5 min. walk to shopping mall, gas station, restaurant
*Easy of approach KPU & UBC
*Quick access to Airport, Vancouver & Downtown
*Catchment in good High School
@Full kitchen with white appliances
@Spacious bathroom with cabinet space and bathtub
@Well-located and easy of access
Sorry, No smoking, pets, drugs and late night party
References Mandatory!
Suitable of clean and quite non-smoking professional, couples or students
Please call or text to 236 nine eight nine one 181","Hydro
Heat
Water",Yes,Internet,1,Month-to-month,"October 1, 2021",No,650,Yes,"Laundry (In Unit)
Fridge / Freezer",Yes,Yard,No,N/A,N/A,N/A,N/A,N/A
1544035754,https://www.kijiji.ca/o-profile/1001458356/listings/1,Owner,https://www.kijiji.ca/v-apartments-condos/richmond-bc/1-bedroom-high-rise-condo-available-now-richmond-centre/1544035754,1 Bedroom High-rise Condo – Available Now (Richmond Centre),"https://www.google.com/maps/search/7380+Elmbridge+Way,+Richmond,+BC+V6X+4A1,+Canada","July 27, 2021 8:51 PM",Condo, 1, 1,No,"$1,800","Say hello to a gorgeous, mint, and cozy 607 sqft. unfurnished 1 BR / 1 Bath suite at The Residences by Bosa. Centrally located at steps from Richmond Centre, Skytrain Brighhouse station, Minoru Park, and Public Library, though it’s in a quiet neighborhood. You’re only 20 min from Downtown Vancouver / 10 min to YVR! Step in the door and the suite welcomes you with a tastefully renovated scheme:
- Elegant engineering hardwood flooring throughout
- Kitchen Aid stainless steel appliances
- Silestone quartz countertops
- Breakfast bar
- Kitchen backsplash
- Double sink and faucet
- In-suite laundry with Bosch washer and dryer
- California Closets
- High-end light fixtures
- Window coverings
- Fresh paint with designer colors and latest finishes throughout
If you are too tired, take a visit to the entertaining sized 290 square ft. patio off the living room with your own private gate, and enjoy a relaxing afternoon surrounded by flowers!
Other nice features including:
- Key Fob secured complex
- 1 Secure parking stall
- Storage locker
- Exercise Centre
- Recreation Centre
- Sauna
- Beautifully manicured “Sky Garden”
- On-site manager
- Professionally managed by FirstServcie Residential (www.fsresidential.com)
Minimum ONE year lease, $1800/mo, half month deposit required. Rent includes hot water. Hydro / internet / TV cable / telephone / content insurance / move-in fees as per strata bylaws are extra. Absolutely NO smoking / pets / subletting. Maximum 2 tenants. Credit check, reference check, and criminal background check required.
We welcome you to come to view this suite, you’ll love it!
To view, please reply with your contact phone # or,
text Chris @ 778-882-7035. Thank you.","Heat
Water",Yes,Not Included,1,1 Year,"August 1, 2021",No,607,No,"Laundry (In Unit)
Dishwasher
Fridge / Freezer",No,Yard,No,"Gym
24 Hour Security
Storage Space
Elevator in Building",Wheelchair accessible,Yes,No,Yes
1576969535,https://www.kijiji.ca/o-profile/51691154/listings/1,Owner,https://www.kijiji.ca/v-apartments-condos/richmond-bc/2-bedroom-fully-renovated-basement-suite-for-rent-in-mcnair-rmd/1576969535,"2 Bedroom FULLY RENOVATED BASEMENT SUITE FOR RENT IN McNAIR, RMD","https://www.google.com/maps/search/9300+Algoma+Drive,+V7A+3P7,+Richmond,+BC","July 18, 2021 11:00 PM",Basement, 2, 1,No,"$1,700","2 BEDROOM FULLY RENOVATED BASEMENT SUITE FOR RENT in McNair area in Richmond.
- in a very Quiet neighborhood
- Very clean with full bath with soaking bath tub
- nice kitchen area
- in-suite laundry
- with it's own separate entry
- with it's own security alarm system
- with street parking
- A beautiful house with great looking front yard and back yard.
- Walking distance to Elementary and Secondary School
- Bus stop is near by and it has lots of other amenities to offer
- Ironwood mall and Richmond Center is only 5 to 7 minutes drive
- SMALL PET IS OK.
- NO SMOKING
$1,700 rent per month plus utilities
Please contact: Kashmir Hayer at 604-720-7400
REFERENCES MUST.",Water,Yes,Not Included,1,1 Year,"August 16, 2021",Limited,800,No,Laundry (In Unit),No,Yard,No,N/A,N/A,N/A,N/A,N/A
1574295900,https://www.kijiji.ca/o-carlton-park-gardens-apartments/1005707920/listings/1?referral=organic,Professional,https://www.kijiji.ca/v-apartments-condos/richmond-bc/1-bdrm-available-at-10951-mortfield-road-richmond/1574295900,"1 Bdrm available at 10951 Mortfield Road, Richmond","https://www.google.com/maps/search/10951+Mortfield+Road,+Richmond,+BC,+V7A+2W1","August 30, 2021 12:08 AM",Apartment, 1, 1,No,"$1,510","Visit our Website: https://www.caprent.com/apartments-for-rent/richmond-bc/carlton-park-gardens/
 
Six charming low-rise buildingsin the heart of residential Richmond form the setting for Carlton Park GardensApartments. These apartmentsfor rent in Richmond, located south of downtown Vancouver, is close tothe Steveston Highway and other major commuter routes. Beautifully landscapedgrounds and a quiet setting with wonderful views makes this the perfectcommunity for your next home.
Residents of these prime Richmondapartment rentals enjoy large cable ready suites, private balconies and patios, 3appliances in their apartment as well as building features like outdoor pooland indoor sauna, exercise room, BBQ area, and resident party room.
Living at Carlton Park Gardensputs you only 10 minutes to Vancouver Airport, 25 minutes from the US borderand a short commute to Richmond’s many shops, schools, and entertainment.  Contact us today about making Carlton ParkGardens your next apartment home. 
Parking from: $25.00
 
What's included in your rent
Water, Heat
Have Questions? Contact the Property Manager: (604) 275-2664
 
Building Features
Cable ready, large suites
Private balconies and patios
3 appliances - fridge, stove and dishwasher
Bathroom storage & big mirrors
Outdoor pool and indoor sauna
Exercise room
Resident party room
BBQ area
Laundry facilities on each floor
Canada Post parcel lockers available
 
Neighbourhood Features
Just 10 minutes to Vancouver Airport and 25 minutes to theUS border.
A 5 minute drive to Hugh Mcroberts Secondary School.
Close to South Arm Community Centre and 5 minutes toBroadmoor Shopping Centre.
Situated in a quiet residential neighbourhood.",N/A,Yes,Not Included,0,1 Year,"September 1, 2021",Yes,Not Available,No,Not Included,No,Not Included,No,Not Included,N/A,N/A,N/A,N/A
1574841988,https://www.kijiji.ca/o-profile/1007906225/listings/1,Owner,https://www.kijiji.ca/v-apartments-condos/richmond-bc/richmond-2-br-condo-for-rento/1574841988,Richmond 2 BR condo for Rento,"https://www.google.com/maps/search/V6X3G4,+Canada","July 4, 2021 9:57 PM",Condo, 2 + Den, 1,No,"$1,850","Richmond 2 BR + ( a mid size room) storage for Rent
(Available 1 Dec.,2021)
Side to Kwantlin University facing Lansdowne Mall, 2 BR + full bathroom + 1 medium size storage room, total 85 sq.meter (850 sq.ft), + Balcony with patio doors. Bedrooms and living room facing south. Comes with simple furniture includes a coach + coffee table, dinning table with 4 chairs, + fridge, stove, and dishwasher appliances.
The unit is located at the corner of the building, only one side neighboured. Nice, clean, quiet environment. Convenient transportation with buses and sky train within 5 minutes walking distances including all amenities stores around, such as Lansdowne Mall, T&T, Walmart, etc other stores.
Only those people are seriously interested, please phone 403 690 9028 for details.","Heat
Water",Yes,Not Included,1,1 Year,"August 1, 2021",No,850,No,"Laundry (In Building)
Dishwasher
Fridge / Freezer",No,Balcony,Outdoors only,"24 Hour Security
Bicycle Parking
Storage Space
Elevator in Building","Wheelchair accessible
Braille Labels",Yes,No,Yes
1582766434,https://www.kijiji.ca/o-profile/1021023134/listings/1,Owner,https://www.kijiji.ca/v-apartments-condos/richmond-bc/1800-1-bed-1-bath-1-den-619sf-mid-high-apartment/1582766434,$1800/1 bed*1 Bath* 1 Den-619sf mid-high apartment,"https://www.google.com/maps/search/9099+Cook+Rd,+Richmond,+BC+V6Y+4J7,+Canada","August 27, 2021 4:48 AM",Apartment, 1 + Den, 1,No,"$1,800","$1800/1 bed*1 Bath* 1 Den-619sf mid-high apartment
(3 minute drive to Kwantlan University)
Spacious Bright and east sunrise view
1 Bed/1 Bath/1 Den Condo-CAD 1800.00/month
9099 Cook Rd, Richmond BC V6Y 4J7
FEATURES:
1 Bedrooms, 1 Bathroom, 1 Den, balcony.
Square Footage: 619 square feet
Parking Spaces: 1 underground parking stall
Pets Allowed: No Pet
Agent Name: Willis (text only 604-771-2630 )
Rental Unit Amenities:
Refrigerator, Micro-wave, Cooker, Oven, Sink, Range Hood, Dish Washer, Washing machine, Dryer, closets, glass door, Balcony
Building Amenities:
Fitting room, Party room, 2 elevators, Telecom system, Bike room, Concierge
Spacious Bright, 3 minute drive to Kwantlan University, 4 minutes walk to Garden City park. 1 bedroom, 1 bathroom, 1 Den. You’ll love the 66 sq.ft balcony East sunrise.",Water,Yes,Not Included,1,1 Year,"October 1, 2021",No,619,No,"Laundry (In Unit)
Dishwasher
Fridge / Freezer",Yes,Balcony,No,"Gym
Concierge
24 Hour Security
Elevator in Building",N/A,N/A,N/A,N/A
1580684316,https://www.kijiji.ca/o-profile/1020969938/listings/1,Owner,https://www.kijiji.ca/v-apartments-condos/richmond-bc/richmond-centre-1-bedroom-condo-with-a-c-for-rent/1580684316,Richmond Centre 1 Bedroom Condo with A/C for Rent,"https://www.google.com/maps/search/7371+Westminster+Hwy,+Richmond,+BC+V6X+0B4,+Canada","August 13, 2021 12:38 AM",Condo, 1, 1,No,"$1,950","Richmond Centre 1 bedroom 1 bath condo for rent!
Pet friendly, A/C, 7 mins walking distance to Richmond Centre/Skytrain
Conveniently located on Alderbridge Way & Westminster Hwy.
______________________
Property Details:
• Bedroom: 1
• Bathroom: 1
• Living room: 1
• Sqft: 600
• Flooring: wood
• Gas Stove and oven
• Fridge and Freezer
• Washer and Dryer
• Heating & Cooling: A/C
• Parking: gated parking
• Storage locker: 1
______________________
Rental Details:
• Rent: $1950/month
• Availability: Aug 15ht, 2021
• Pets: YES!
• Smoke: No
• Utilities: not included
• Term: Minimum 1 year
______________________
• Credit and reference checks are required
• Tenant insurance required",Water,Yes,Not Included,1,1 Year,"August 15, 2021",Yes,600,No,"Laundry (In Unit)
Dishwasher
Fridge / Freezer",Yes,Balcony,No,"Gym
Pool
Bicycle Parking
Storage Space
Elevator in Building",N/A,N/A,N/A,N/A
1575230214,https://www.kijiji.ca/o-profile/1000640257/listings/1,Owner,https://www.kijiji.ca/v-apartments-condos/richmond-bc/house-for-rent-in-brampton/1575230214,House For Rent in Brampton,"https://www.google.com/maps/search/53+Mikado+Crescent,+Brampton,+ON+L6S+3R5,+Canada","July 7, 2021 1:54 PM",House, 4, 2.5,No,"$2,600","Very Clean 2500 Sq Ft 4 Bedroom Detached Home, 2.5 Bathrooms, 3+ Parking Spots. Very Quiet Family-Oriented Neighbourhood. Fridge, Stove, Dishwasher, Washer, Dryer are Included.
• Very Well Maintained House
• Backyard with Deck
• 2 Car on Driveway
• Central Air Conditioning Included
• Walking Distance to Schools, Shopping, Park, Transit and 5 Minutes to Hospital and Highway 410
No Smoking Inside the Houses
No basement
Available From Aug 1st
$ 2600+ Utilities
First and Last Months Rent Deposit Required
Please Provide Recent Pay Stubs, Job Letter, Credit Report, two pieces of id and References
Call / Text
416 871 0571",N/A,No,Not Included,3+,1 Year,"August 1, 2021",Limited,"2,500",No,"Laundry (In Unit)
Laundry (In Building)
Dishwasher
Fridge / Freezer",Yes,Yard,Outdoors only,N/A,N/A,N/A,N/A,N/A
1581205374,https://www.kijiji.ca/o-profile/1001924228/listings/1,Owner,https://www.kijiji.ca/v-apartments-condos/richmond-bc/1-bdrm-fully-furnished-condo-in-avanti/1581205374,1 bdrm fully furnished condo in Avanti,"https://www.google.com/maps/search/3333+Brown+Rd,+Richmond,+BC+V6X+1J8,+Canada","August 16, 2021 6:15 PM",Condo, 1, 1,No,"$1,700",fully furnished apartment near all amenities perfect for 1 person,N/A,Yes,Not Included,1,1 Year,"September 15, 2021",No,570,Yes,"Laundry (In Unit)
Dishwasher
Fridge / Freezer",Yes,Balcony,No,"Pool
Elevator in Building",N/A,N/A,N/A,N/A
1582824019,https://www.kijiji.ca/o-profile/24797000/listings/1?referral=organic,Professional,https://www.kijiji.ca/v-apartments-condos/richmond-bc/new-2-bedroom-condo-at-concord-garden-richmond-bc/1582824019,"NEW 2 bedroom Condo at Concord Garden (Richmond, BC)","https://www.google.com/maps/search/3300+Ketcheson+Rd,+Richmond,+BC+V6X+0S5,+Canada","August 27, 2021 5:22 PM",Apartment, 2, 2,No,"$2,600","Available Mid-September
This is a 2 bedroom 2 bathroom luxury condo located in Richmond (3300 Ketcheson Road)
About the unit:
1. New south-facing corner unit (886 sf). High floor, unobstructed view.
2. 2 Bedroom / 2 Bathroom, walk-in shower. See photo for floor plan.
3. Direct access to the rooftop garden, which is on the same floor!
4. Unfurnished, include premium appliances and in-suite laundry
5. Include 1 full-sized underground parking stall
6. Walking distance to Skytrain Stations, T&T/OSAKA, Costco, Aberdeen Centre, Foody World, etc
7. 70,000 sq/ft community park with sculpted footpaths, natural features and child’s play area
Diamond Club Amenities:
a. Indoor swimming pool
b. Gym & Yoga rooms
c. Bowling alley
d. Badminton court
e. Basketball court
f. Screening room
g. Games room
h. Rock climbing wall
i. Dance Studio
j. Sauna/Steam room
k. Golf Simulator Room
l. Banquet hall with grand ballroom
m. Rooftop Garden
n. Children’s play area and outdoor lounge deck
o. See photos: https://www.concordgardens.ca/views/en/gallery.html
Looking for responsible tenants
● Monthly $2600 including gas, heating, water, and strata fees. Hydro extra.
● No pets, No smoking, No sublease/short-term rentals
● Furnishing is negotiable
● Credit check required. Minimum one-year lease, longer-term welcome.",Water,Yes,Not Included,1,1 Year,"September 15, 2021",No,886,No,Laundry (In Unit),Yes,Balcony,No,"Gym
Pool
Concierge
24 Hour Security
Bicycle Parking
Elevator in Building",Wheelchair accessible,Yes,No,No
1576987686,https://www.kijiji.ca/o-profile/1012587017/listings/1,Owner,https://www.kijiji.ca/v-apartments-condos/richmond-bc/1br-on-one-of-top-floors-available-for-rent-in-richmond/1576987686,1Br on one of TOP FLOORS available for rent in Richmond,"https://www.google.com/maps/search/6133+Buswell+St,+Richmond,+BC+V6X+1A6,+Canada","July 19, 2021 1:23 AM",Apartment, 1, 1,No,"$1,685","Prime property in an amazing location available for rent in the heart of Richmond located at the Buswell and Westminster crossroad!
1 bed, bath, living, kitchen, dining rooms
- Unit is located on one of the TOP floors of the building
- East facing (Great natural Sunlight and view)
- Includes Gym/Lounge/Courtyard
- 9 ft. ceilings with a spectacular balcony city view
- Walking distance to everything you need: Richmond Centre Mall, Banks, Restaurants, Richmond Hospital
- Richmond Public Market (Groceries) is a 30 SECOND WALK away and Canada Line Sky Train Station is less than 3 MINUTES walk away
- Includes one covered garage parking and one locker for storage
- LG Granite counter tops
- Washer/dryer located within unit
- No smoking & no pets
Amazing option for Kwantlen Polytechnic University students, very short commute.
Max 2. people allowed
Minimum 1 year lease term
Will require rental/income/employment & other reference checks
Price: $1685/m",Water,Yes,Not Included,1,1 Year,"July 18, 2021",No,630,No,"Laundry (In Unit)
Dishwasher
Fridge / Freezer",No,Balcony,No,"Gym
Bicycle Parking
Storage Space
Elevator in Building",Wheelchair accessible,Yes,No,Yes
1582087393,https://www.kijiji.ca/o-profile/51985770/listings/1,Owner,https://www.kijiji.ca/v-apartments-condos/richmond-bc/2-bedroom-spacious-basement-for-rent-in-surrey/1582087393,2 bedroom spacious basement for rent in Surrey,"https://www.google.com/maps/search/15773+82A+Ave,+Surrey,+BC+V4N+0R6,+Canada","August 22, 2021 6:05 PM",Basement, 2, 1,No,"$1,300","2 bedroom with separate basement entrance. Spacious living room and open concept kitchen close to 82A Ave and 158 Street. Close to everything bus stops, Elementary and High School, Library, Recreation center, Grocery stores, Transit very near (newton and surrey central is about 10 mins. ride) and Restaurants. Private entry from backyard. Quiet neighborhood.
No smoking or any kind of drugs or illegal activity.
Couple preferred.
Proof of income, credit check and reference of current (previous) landlord required
If interested please reply by answering the questions below in your text:
- your name
- number of occupants (number of adults/children)
- current employment situation of all occupants
- desired move-in date
- anticipated length of stay
$1300/month starting 9/1/2021
Please call 604-838-3018 directly for more information",N/A,Yes,Not Included,1,1 Year,"September 1, 2021",Limited,600,No,Laundry (In Unit),No,Not Included,Outdoors only,N/A,N/A,N/A,N/A,N/A
1583204307,https://www.kijiji.ca/o-profile/1023195129/listings/1,Owner,https://www.kijiji.ca/v-apartments-condos/richmond-bc/brand-new-2-bedroom-2-bath-ground-level-basement/1583204307,"Brand new 2 bedroom, 2 bath ground level basement","https://www.google.com/maps/search/10511+Bird+Rd,+Richmond,+BC+V6X+1N4,+Canada","August 30, 2021 2:33 AM",Basement, 2, 1,No,"$2,200","Brand new 2 bedroom, 1 bath ground level basement. It is located in a quiet neighborhood, which has shopping and the Vancouver International Airport just a few minutes away.","Hydro
Heat
Water",Yes,Not Included,0,1 Year,"August 30, 2021",No,"1,000",No,Fridge / Freezer,Yes,Yard,No,N/A,N/A,N/A,N/A,N/A
1582439898,https://www.kijiji.ca/o-profile/1023305142/listings/1,Owner,https://www.kijiji.ca/v-apartments-condos/richmond-bc/unfurnished-2-bed-and-2-baths-over-1000-sq-ft-condo-for-rent/1582439898,Unfurnished 2 bed and 2 baths over 1000 sq ft condo for rent.,"https://www.google.com/maps/search/Jones+Rd,+Richmond,+BC+V6Y,+Canada","August 25, 2021 1:09 AM",Apartment, 2, 2,No,Please Contact,"Unfurnished 2 bed and 2 baths over 1000 sq ft condo for rent.
Delightful South-west corner unit with lots of windows. Facing the beautiful garden and quiet neighbourhood. New dishwasher and washing machine. The floor, kitchen and bathroom have been renovated. Excellent location close to Richmond Centre, restaurants, supermarkets, banks and the transits nearby with walking distance. Walkable to top-ranking school: Palmer Secondary School. Perfect for families, 1 parking space (additional parking space can be rented)
Terms:
- Available on September 5th
- Not including electricity
- Minimum 1-year lease
- No pets
- No smoking
- -No sub-leasing
- Security deposit
- Tenant insurance required
- Tenant pays the Move in/out fee
- Long term and stable tenant with reference is expected.
Brief info about the principal tenant applicant regarding occupation and job history is welcome.
Please contact 778308484 or email athenazeo@gmail.com","Heat
Water",Yes,Not Included,2,1 Year,"September 5, 2021",Limited,"1,025",No,"Laundry (In Unit)
Dishwasher
Fridge / Freezer",No,Balcony,No,"Gym
Bicycle Parking
Elevator in Building",Wheelchair accessible,Yes,No,No
1580587182,https://www.kijiji.ca/o-eve/1001807242/listings/1?referral=organic,Professional,https://www.kijiji.ca/v-apartments-condos/richmond-bc/entire-laneway-house-for-rent-greenwood-and-danforth/1580587182,ENTIRE LANEWAY HOUSE FOR RENT!  GREENWOOD AND DANFORTH,"https://www.google.com/maps/search/622+Greenwood+Ave,+Toronto,+ON+M4J+4B2,+Canada","August 12, 2021 2:04 PM",House, 2, 2,No,"$2,880","Brand new Laneway house at the corner of Greenwood and Danforth. Subway and bus access, all amenities steps away. 2 floors - Ground level can be living room or office or 2nd large bedroom with large washroom. Full kitchen and family room, stacked laundry in unit. Heat and water include. One parking spot or patio area - tenants choice. Amiable landlord and awesome location!
Call or text Eve Orphanou
647.291.5151","Heat
Water",Yes,Not Included,1,1 Year,"September 1, 2021",Limited,900,No,"Laundry (In Unit)
Dishwasher
Fridge / Freezer",Yes,Yard,Outdoors only,N/A,N/A,N/A,N/A,N/A
1581592674,https://www.kijiji.ca/o-profile/1019222674/listings/1,Owner,https://www.kijiji.ca/v-apartments-condos/richmond-bc/richmond-lansdowne-2-br-apartment-for-rent/1581592674,Richmond Lansdowne 2 BR apartment for rent,"https://www.google.com/maps/search/8160+Lansdowne+Rd,+Richmond,+BC+V6X+0A9,+Canada","August 19, 2021 6:58 AM",Condo, 2, 2,No,"$2,400","10 years old building across from Lansdowne mall, steps away from Skytrain and Kwantlen.
Available: September 1
Bedrooms: 2
Bathrooms: 2
Parking: 1
Storage: 1
Lease term: minimum one year lease
No Pets and No smoking please
Mark Wang - RE/MAX City Realty",Water,Yes,Not Included,1,1 Year,"September 1, 2021",No,"1,009",No,"Laundry (In Unit)
Dishwasher
Fridge / Freezer",No,Balcony,No,"Gym
Bicycle Parking
Storage Space
Elevator in Building",N/A,N/A,N/A,N/A
1582692453,https://www.kijiji.ca/o-redwood-manor/1022517450/listings/1?referral=organic,Professional,https://www.kijiji.ca/v-apartments-condos/richmond-bc/1-bdrm-available-at-101-royal-avenue-new-westminster/1582692453,"1 Bdrm available at 101 Royal Avenue, New Westminster","https://www.google.com/maps/search/101+Royal+Avenue,+New+Westminster,+BC,+V3L+1H1","August 26, 2021 6:42 PM",Apartment, 1, 1,No,"$1,470","Visit our Website: https://www.caprent.com/apartments-for-rent/new-westminster-bc/redwood-manor/
RentalOffice is located at 810 St. Andrews Street.
 
RedwoodManor is a five-storey apartment rental property in New Westminster, BC.  The building is in an excellent location inNew Westminster within the Queen’s Park neighbourhood.  Living at Redwood Manor places you withinonly 800 metres of the SkyTrain with connections to Vancouver or Surrey.  The Royal City Centre Mall is only a 7 minutebus ride providing you with excellent shopping conveniences.  Redwood Manor also provides car drivers witheasy access to the highway.
Stop by today and make RedwoodManor your new home! 
 
What's included in your rent
Water
Have Questions? Contact the Property Manager: 778-402-8584
 
Building Features
The building only has 48 suites with a mix of 1 and 2 bedroom apartments ranging in size from 680 sq. ft. to 950 sq. ft. All suites are bright and spacious and come with stunning hardwood floors, electric kitchens appliances and white cabinets. Even more    fantastic are the views the suites can offer you; unappalled views of the mountain and Fraser River.  4 suites are located on the penthouse levels and provide direct access to the recently renovated roof deck.
Laundry – Shared (onsite)
Roof deck (some units)
Elevator
Microwaves & dishwashers 
Covered parking    
 
Neighbourhood Features
Neighbourhood Features:
The neighbourhood has a Farmers Market in nearby Tipperary Park, churches, an elementary school, and the scenic boardwalk of Westminster Pier Park. Redwood also borders the picturesque Queens Park Heritage neighborhood.
SkyTrain within 800 metres
Royal City Centre Mall only 7 minutes away
Easy access to highway
Queen’s Park closeby with sports and leisurefacilities
Farmers Market
Schools
Westminster Pier Park 
 ",N/A,Yes,Not Included,0,1 Year,"October 1, 2021",No,Not Available,No,Not Included,No,Not Included,No,Not Included,N/A,N/A,N/A,N/A
1581360027,https://www.kijiji.ca/o-profile/1011257109/listings/1,Owner,https://www.kijiji.ca/v-apartments-condos/richmond-bc/brand-new-unit-furniture-included/1581360027,BRAND NEW unit -furniture included,"https://www.google.com/maps/search/,+Richmond+V6Y+1R7+BC,+Canada","August 17, 2021 6:40 PM",House, 2, 1,No,"$1,900","please text message for quicker response
-Private and quiet second floor unit with 9 foot ceilings
-Two Bedroom One Bathroom facing massive backyard garden
-Brand new appliances including dishwasher , elegant countertops, Hansgrohe and Grohe plumbing fixtures
-Quality finishings throughout and exquisite crown mouldings
-Tile flooring, in floor radiant heating, closet organizers, and Hunter Douglas blinds
-Spacious living area
-Brand new washer and dryer
-Catchment for Kingswood Elementary School and McNair Secondary
-5-10 minutes drive to Richmond Centre, Landsdowne, shops, restaurants, T&T, and Kwantlen Polytech University.
-Furniture included (same price if no furniture)
-Minimum one year lease
-Tenant pays 10% of gas
-Tenant opens own hydro account
-No pets, no smoking or vaping
-Reference and credit check are required
-Square footage is an estimation
-Available Now
Contact Property Manager at:
Janet Lu
778-882-7727
Green Team Realty",N/A,Yes,Not Included,0,1 Year,"August 17, 2021",No,800,Yes,Laundry (In Building),No,Not Included,No,N/A,N/A,N/A,N/A,N/A
1579482496,https://www.kijiji.ca/o-profile/1008029864/listings/1,Owner,https://www.kijiji.ca/v-apartments-condos/richmond-bc/8900-citation-dr-richmond/1579482496,8900 Citation Dr. Richmond,"https://www.google.com/maps/search/V6Y3A3,+Canada","August 11, 2021 6:53 PM",Apartment, 1, 1,No,"$1,450","FEATURES: Appox 650sq ft.
- One bedroom one bath with full kitchen.
- Fully equipped kitchen.
- Bright south North facing balcony.
- Laundry: common W/D in the building.
- 1 Cover parking, club house incl: swimming pool court.
- Close to Richmond Center, transit, supermarkets
CONVENIENCES:
- 2 mins walk to bus stop
- 10 mins walk to Richmond Centre/Canada Line
Perfect for students, young professionals, couples.
Unfurnished/can be lightly furnished.
No pets, no smoking.
Water, and sewage included.
Tenant is responsible for BChydro, cable, and internet.
Tenant must purchase Tenant Home Insurance.
Available for rent Aug.15
Please email us your name and phone #.",Water,Yes,Not Included,1,Month-to-month,"August 15, 2021",No,650,No,"Laundry (In Building)
Dishwasher
Fridge / Freezer",No,Balcony,Outdoors only,"Pool
Concierge
Elevator in Building",N/A,N/A,N/A,N/A
1569483967,https://www.kijiji.ca/o-dolphin-square-apartments/1005707943/listings/1?referral=organic,Professional,https://www.kijiji.ca/v-apartments-condos/richmond-bc/2-bdrm-available-at-8200-park-road-suite-114-richmond/1569483967,"2 Bdrm available at 8200 Park Road Suite 114, Richmond","https://www.google.com/maps/search/8200+Park+Road+Suite+114,+Richmond,+BC,+V6Y+2Y8","August 30, 2021 12:08 AM",Apartment, 2, 1,No,"$1,740","Visit our Website: https://www.caprent.com/apartments-for-rent/richmond-bc/dolphin-square/
In a prime central location,these apartments for rent in Richmond boast a Walk Score of 93 and Transit Score of 76 and are just a short walk to the Richmond Centre and in close proximity to the future Skytrain station at No3 Road and Saba. Being close to major shopping centres, schools and community services makes Dolphin Square Apartments the perfect apartment rental location.
Parking from: $50.00
What's included in your rent
Hot Water
Have Questions? Contact the Property Manager: (604) 273-0269
Building Features
Site consists of 4 buildings each being 3 stories tall
Ample secure covered parking
Landscaped courtyard
Outdoor pool
BBQ patio with gazebo
Garden patios or balconies
Exercise room
Laundry in each building
Some dishwashers in 2 bedroom units
Neighbourhood Features
Desirable location
Walk Score of 93: short walk to Richmond Brighouse Skytrain Station & Richmond Shopping Centre Mall
Short walk to shopping
Transit Score of 76: minutes to Vancouver Airport
Close to city hall, library, and the Minoru Park Sports Complex (pool, ice rink, playing fields and more)",N/A,Yes,Not Included,0,1 Year,"October 1, 2021",No,Not Available,No,Not Included,No,Not Included,No,Not Included,N/A,N/A,N/A,N/A
1582472004,https://www.kijiji.ca/o-profile/1013726533/listings/1,Owner,https://www.kijiji.ca/v-apartments-condos/richmond-bc/centrally-located-home-in-quiet-neighborhood/1582472004,Centrally located home in quiet neighborhood,"https://www.google.com/maps/search/3500+Bearcroft+Dr,+Richmond,+BC+V6X+3B9,+Canada","August 25, 2021 7:02 AM",House, 3, 2,No,"$2,600","A well kept, partially furnished 3-Bedroom suite in a family oriented neighbourhood in East Cambie is available for rent in September to responsible tenants. This is for the larger upstairs suite of the house (1450 Sq. Ft), which includes:
- an expansive open kitchen with dishwasher and a double sink,
- self-contained laundry,
- 3 large bedrooms,
- 2 full bathrooms (larger one with a double sink),
- hardwood/laminated and tile flooring,
- plenty of windows with lots of natural light,
- internet included (WiFi), and
- 2 parking spots (1 garage and 1 driveway).
The downstairs suite is fully enclosed with a separate entrance. This house is steps away from Albert Airey Park, walkable to bus transit (410 bus on Cambie St., 430 bus on Bridgeport St.) which can then transfer onto the Canada Line (Aberdeen and Bridgeport Stations). It is also walkable to Cambie Plaza featuring plenty of restaurants, groceries, and a public library. Mitchell Elementary and Cambie Secondary catchment.
The location has quick access to the Oak and Knight St. Bridges along with the BC-99 and BC-91 highways. By car, it is a quick 5-10 minute drive to:
- Costco,
- Walmart,
- T&T Supermarket,
- Ikea,
- Kwantlen University (Richmond Campus), and
- YVR Airport.",N/A,Yes,Internet,2,1 Year,"September 6, 2021",Limited,"1,450",No,Laundry (In Unit),No,Yard,No,N/A,N/A,N/A,N/A,N/A
1579250244,https://www.kijiji.ca/o-profile/1022269905/listings/1,Owner,https://www.kijiji.ca/v-apartments-condos/richmond-bc/2-bed-2-bath-with-ac-richmond/1579250244,"2 bed 2 bath with AC, Richmond","https://www.google.com/maps/search/8677+Capstan+Way,+Richmond,+BC+V6X+0N6,+Canada","August 3, 2021 3:33 PM",Condo, 2, 2,No,"$2,250","830 sq feet, 2 bedroom 2 bathroom condo in a concrete building (6/F), with big covered balcony, central heating and air conditioning, one secured covered parking. 10 mins to airport, 20 mins to downtown, walking distance to Canada Line station and grocery stores, restaurant, etc. no pets allowed, no smoking.",Water,Yes,Not Included,1,1 Year,"September 1, 2021",No,830,No,"Laundry (In Unit)
Dishwasher
Fridge / Freezer",Yes,Balcony,No,"Gym
Pool
24 Hour Security
Bicycle Parking
Storage Space
Elevator in Building",N/A,N/A,N/A,N/A
1582609282,https://www.kijiji.ca/o-profile/1019914435/listings/1?referral=organic,Professional,https://www.kijiji.ca/v-apartments-condos/richmond-bc/looking-for-a-studio-condo-apt/1582609282,Looking for a studio CONDO/APT,"https://www.google.com/maps/search/Patterson+Rd,+Richmond,+BC+V6X+1P5,+Canada","August 26, 2021 1:26 AM",Condo, Bachelor/Studio, 1,No,Please Contact,"Looking for a studio / condo apartment for rent in the Richmond British Columbia area.
Feel free to leave a message and I'll get back to you as soon as possible.","Heat
Water",No,Not Included,0,1 Year,"August 31, 2021",Yes,500,No,"Laundry (In Building)
Fridge / Freezer",No,Balcony,No,"24 Hour Security
Bicycle Parking
Elevator in Building",Not Included,No,No,Yes
1583285747,https://www.kijiji.ca/o-profile/1011155245/listings/1,Owner,https://www.kijiji.ca/v-apartments-condos/richmond-bc/1-300-1br-550ft2-1-bedroom-furnished-garden-suite/1583285747,"$1,300 / 1br - 550ft2 - 1 Bedroom Furnished Garden Suite","https://www.google.com/maps/search/,+V7E+4P2,+Richmond,+BC,+Canada","August 30, 2021 6:43 PM",House, 1, 1,No,"$1,300","1 Bedroom Furnished Garden Suite in West Richmond with private entrance
SUITE DETAILS:
• 1 bedroom and 1 bathroom
• Kitchen (Stove, microwave, fridge)
• View of the Garden
• Laundry (shared)
• Street parking
LOCATION:
• Steps from the City's Greenway Trail and West Richmond Community Centre
• 2-min walk to the bus stop
• 13-min bus ride to Brighouse station
• 14-min walk to SeaFair Shopping Centre (Safeway, Starbucks, Shoppers Drug Mart, Banks).
LEASE TERMS:
• Minimum 1 year lease @ $1,300/month
• Laundry is shared (you have access once a week).
• All Utilities included, Wifi included
• Furniture included
• Deposit: half a month's rent
RULES:
• No Pets/No smoking (No Cannabis, E-Vape, Cigarettes)/ No large gatherings
DOCUMENTS REQUIRED:
• 1 reference from previous landlord
• 1 work reference
• 1 personal reference
• Credit Check upon request
• Proof of Income required (T4, Record of Employment, Income Statement, or Current Bank Statements)
Please provide the following information. Once received, you will be contacted shortly.
1. Preferred move-in date.
2. Can you provide financial documents for proof of income? Yes/No
3. How many people will be living in the suite?
4. Can you provide 3 references? Yes/No
5. Do you understand that this suite does not allow pets. Yes/No","Hydro
Heat
Water",Yes,Internet,1,1 Year,"October 1, 2021",No,550,Yes,Laundry (In Building),No,Balcony,No,N/A,N/A,N/A,N/A,N/A
1579303002,https://www.kijiji.ca/o-profile/1022012193/listings/1,Owner,https://www.kijiji.ca/v-apartments-condos/richmond-bc/house-rental-in-town-of-spirit-river-4913-44th-avenue/1579303002,House Rental in Town of Spirit River 4913 44th Avenue,"https://www.google.com/maps/search/4913+44th+Avenue,+Canada","August 3, 2021 8:51 PM",House, 3, 1,No,"$1,280",3 Bedroom Rancher,"Hydro
Heat
Water",Yes,"Cable / TV
Internet",3+,Month-to-month,"September 1, 2021",Limited,"1,100",No,"Laundry (In Building)
Fridge / Freezer",No,Yard,Yes,N/A,N/A,Yes,No,Yes
1576061747,https://www.kijiji.ca/o-profile/1012645121/listings/1,Owner,https://www.kijiji.ca/v-apartments-condos/richmond-bc/air-conditioning-three-rooms-two-washroom-near-richmond-walmart/1576061747,Air Conditioning Three Rooms Two Washroom Near Richmond Walmart,"https://www.google.com/maps/search/9288+Odlin+Rd,+Richmond,+BC+V6X+1C9,+Canada","July 12, 2021 10:25 PM",Condo, 3, 2,No,"$2,650","Air Conditioning Three Rooms Two Washroom Near Richmond Walmart
Address: 9288 Odlin Road, Richmond,BC V6X 1C9
Condo:
Top and corner unit, high ceiling
Unit includes a dishwasher,washer and dryer. Building facilities include outdoor swimming pool, hot tub pool, gym room, cinema
Many malls and restaurants near the unit, include Walmart, etc
Unit has air conditioner, granite kitchen desk, fireplace, large balcony
Very convenient traffic, 7 minutes walk to bus station, close to Walmart, Lansdowne center, Richmond Center and KPU, etc
Renting Term:
Not include utilities and internet
No pet and no smoking
At least 1 year term",N/A,Yes,Not Included,1,Month-to-month,"July 12, 2021",No,"1,200",No,"Laundry (In Unit)
Dishwasher
Fridge / Freezer",Yes,Balcony,No,"Gym
Pool
Elevator in Building",N/A,N/A,N/A,N/A
1578355905,https://www.kijiji.ca/o-dolphin-square-apartments/1005707943/listings/1?referral=organic,Professional,https://www.kijiji.ca/v-apartments-condos/richmond-bc/1-bdrm-available-at-8200-park-road-suite-114-richmond/1578355905,"1 Bdrm available at 8200 Park Road Suite 114, Richmond","https://www.google.com/maps/search/8200+Park+Road+Suite+114,+Richmond,+BC,+V6Y+2Y8","August 27, 2021 12:08 AM",Apartment, 1, 1,No,"$1,495","Visit our Website: https://www.caprent.com/apartments-for-rent/richmond-bc/dolphin-square/
 
In a prime central location, these apartments for rent in Richmond boast a Walk Score of 93 and Transit Score of 76 and are just a short walk to the Richmond Centre and in close proximity to the future Skytrain station at No3 Road and Saba.  Being close to major shopping centres, schools and community services makes Dolphin Square Apartments the perfect apartment rental location.
Parking from: $50.00
 
What's included in your rent
Hot Water
Have Questions? Contact the Property Manager: (604) 273-0269
 
Building Features
Site consists of 4 buildings each being 3 stories tall
Ample secure covered parking
Landscaped courtyard
Outdoor pool
BBQ patio with gazebo
Garden patios or balconies
Exercise room
Laundry in each building
Some dishwashers in 2 bedroom units
 
Neighbourhood Features
Desirable location
Walk Score of 93: short walk to Richmond Brighouse Skytrain Station & Richmond Shopping Centre Mall
Short walk to shopping 
Transit Score of 76: minutes to Vancouver Airport 
Close to city hall, library, and the Minoru Park Sports Complex (pool, ice rink, playing fields and more)",N/A,Yes,Not Included,0,1 Year,"October 1, 2021",No,Not Available,No,Not Included,No,Not Included,No,Not Included,N/A,N/A,N/A,N/A
1573980386,https://www.kijiji.ca/o-profile/1000464872/listings/1,Owner,https://www.kijiji.ca/v-apartments-condos/richmond-bc/one-bedroom-townhouse-furnished-or-unfurnished/1573980386,One Bedroom Townhouse Furnished or Unfurnished,"https://www.google.com/maps/search/11791+King+Rd,+Richmond,+BC+V7A+3B6,+Canada","August 27, 2021 9:55 PM",Townhouse, 1, 1,No,"$1,795","Spacious one bedroom lower unit in a townhouse complex available for rent Aug 1 or late July. Quiet and close to transit and shopping in the Ironwood neighborhood. Close to clubhouse with swimming pool, sauna and hot tub. No smoking and no pet. 1 year term lease with reference, credit check and tenant insurance. Asking rent $1,695 and or furnished at $2,050.",Water,Yes,Not Included,1,1 Year,"September 1, 2021",No,770,No,"Laundry (In Unit)
Dishwasher
Fridge / Freezer",No,Yard,No,N/A,N/A,N/A,N/A,N/A
1578354955,https://www.kijiji.ca/o-profile/1014535962/listings/1,Owner,https://www.kijiji.ca/v-apartments-condos/richmond-bc/4150-3477ft-woodward-richmond-house-for-rent/1578354955,"$4150/ 3477ft² Woodward Richmond, House for Rent","https://www.google.com/maps/search/Dorval+Rd,+Richmond,+BC+V7C,+Canada","July 28, 2021 7:56 AM",House, 5+, 3,No,"$4,150","Available: Sept 1, 2021
Bedrooms: 5
Bathrooms: 3
Finished area: 3,477 sqft
Lot area: 5,800 sqft
Flooring: Hardwood Floor + Carpet + Tile
Furnished: No
Property Type: 2 Storey House
Parking: 2 covered
Garden Care: No
En-suite Laundry: Yes
Deposits: One month deposit
Lease term: Minimum one year lease
Utilities Included: No
Pets: yes
Woodwards area - One of Richmond's finest neighbourhoods.
Over 3400 sqft interior size with updated bathroom, kitchen, roof and window. Lovingly Maintained, classic Hardwood floor throughout. 5 bedrooms with 3 full bathrooms. 2 car garage and ample parking available outside.
VR tour:
https://my.matterport.com/show/?m=ZAtbzmVWJD1
This stunning home has much to offer
• Radiant Heat flooring
• NEW Lighting
• Huge room at 2nd floor 21’ x 19’, can be baby play room/yoga room
• RENOVATED Quartz Countertop open-concept kitchen with an Island
Nearby (Walking Distance):
* Elementary School (In Catchment, Public): K-7 Blundell Elementary
* Secondary School (In Catchment, Public): 8 - 12 Steveston London Secondary
* Walking Distance to Freshco, Safeway, Shopping centre, Richmond Centre, Park, and restaurants.
* Bus Line (2-7mins walking distance)
402 Two Road/Brighouse Station
407 Gilbert/Bridgeport
RESTRICTIONS & REQUIREMENTS:
* NO Smokingl
* Reference check including employment required
* One month rent for damage deposit (refundable upon satisfactory end of tenancy)
* No Sublet
* Tenant insurance required for lease
To view this house which could be your great home, please call Winson
Tel: 778-681-6381
Email: winsondsi@gmail.com",N/A,Yes,Not Included,2,1 Year,"September 1, 2021",Yes,"3,477",No,"Laundry (In Unit)
Laundry (In Building)
Dishwasher
Fridge / Freezer",No,Yard,No,N/A,N/A,No,No,Yes
1583367992,https://www.kijiji.ca/o-carlton-park-gardens-apartments/1005707920/listings/1?referral=organic,Professional,https://www.kijiji.ca/v-apartments-condos/richmond-bc/bachelor-available-at-10951-mortfield-road-richmond/1583367992,"Bachelor available at 10951 Mortfield Road, Richmond","https://www.google.com/maps/search/10951+Mortfield+Road,+Richmond,+BC,+V7A+2W1","August 31, 2021 3:24 PM",Apartment, Bachelor/Studio, 1,No,"$1,285","Visit our Website: https://www.caprent.com/apartments-for-rent/richmond-bc/carlton-park-gardens/
 
Six charming low-rise buildingsin the heart of residential Richmond form the setting for Carlton Park GardensApartments. These apartmentsfor rent in Richmond, located south of downtown Vancouver, is close tothe Steveston Highway and other major commuter routes. Beautifully landscapedgrounds and a quiet setting with wonderful views makes this the perfectcommunity for your next home.
Residents of these prime Richmondapartment rentals enjoy large cable ready suites, private balconies and patios, 3appliances in their apartment as well as building features like outdoor pooland indoor sauna, exercise room, BBQ area, and resident party room.
Living at Carlton Park Gardensputs you only 10 minutes to Vancouver Airport, 25 minutes from the US borderand a short commute to Richmond’s many shops, schools, and entertainment.  Contact us today about making Carlton ParkGardens your next apartment home. 
Parking from: $25.00
 
What's included in your rent
Water, Heat
Have Questions? Contact the Property Manager: (604) 275-2664
 
Building Features
Cable ready, large suites
Private balconies and patios
3 appliances - fridge, stove and dishwasher
Bathroom storage & big mirrors
Outdoor pool and indoor sauna
Exercise room
Resident party room
BBQ area
Laundry facilities on each floor
Canada Post parcel lockers available
 
Neighbourhood Features
Just 10 minutes to Vancouver Airport and 25 minutes to theUS border.
A 5 minute drive to Hugh Mcroberts Secondary School.
Close to South Arm Community Centre and 5 minutes toBroadmoor Shopping Centre.
Situated in a quiet residential neighbourhood.",N/A,Yes,Not Included,0,1 Year,"October 1, 2021",Yes,Not Available,No,Not Included,No,Not Included,No,Not Included,N/A,N/A,N/A,N/A
1582479850,https://www.kijiji.ca/o-profile/1011604495/listings/1?referral=organic,Professional,https://www.kijiji.ca/v-apartments-condos/richmond-bc/cozy-3-bed-2-bath-house-for-rent-in-richmond-3000/1582479850,Cozy 3 Bed / 2 Bath House for Rent in Richmond $3000,"https://www.google.com/maps/search/10920+Mortfield+Rd,+Richmond,+BC+V7A+2W6,+Canada","August 25, 2021 4:34 AM",House, 3, 2,No,"$3,000","Cozy 3 Bed / 2 Bath House for Rent in Richmond $3000
Well Maintained Great Cozy House Available Sep 1st
- Upstairs available for rent Only (Downstairs has different tenant with separate entry)
- Minimum one year lease
- Central Location
- Bedrooms: 3
- Bathroom: 2 full bath
- Hardwood floor
- Big Front Yard
- Big backyard
- Enclosed Solarium with big deck
- 1 Covered Parking with lots of parking spots at the front yard
- Deposits: Half month security deposit
- Utility not included
If interested for viewing, please contact:
Phone: 778-918-5505
Email: roydidi1225@gmaIl.com
Location: South Arm, Richmond
Reference and Credit Check required.",Water,Yes,Not Included,3+,1 Year,"September 1, 2021",Yes,"1,500",No,Laundry (In Unit),No,"Yard
Balcony",No,N/A,N/A,N/A,N/A,N/A
1583352338,https://www.kijiji.ca/o-profile/1023276705/listings/1,Owner,https://www.kijiji.ca/v-apartments-condos/richmond-bc/2-800-4br-2000ft2-4-bedroom-house-for-rent-richmond/1583352338,"$2,800 / 4br - 2000ft2 - 4 bedroom house for rent (Richmond)","https://www.google.com/maps/search/11640+Blundell+Rd,+Richmond,+BC+V6Y+1L3,+Canada","August 31, 2021 2:19 AM",House, 4, 2,No,"$2,800","It will cost $2800 per month. If water, electricity and internet are included, an additional $300 will be added. 4 bedrooms house for rent, two bathrooms, a kitchen, a living room, a dining room, 3 parking spaces.",N/A,Yes,Not Included,0,Month-to-month,"September 1, 2021",Yes,"2,000",No,"Laundry (In Building)
Fridge / Freezer",No,Yard,No,N/A,N/A,N/A,N/A,N/A
1582663508,https://www.kijiji.ca/o-fraser-place-apartments/1005707941/listings/1?referral=organic,Professional,https://www.kijiji.ca/v-apartments-condos/richmond-bc/1-bdrm-available-at-11675-seventh-avenue-richmond/1582663508,"1 Bdrm available at 11675 Seventh Avenue, Richmond","https://www.google.com/maps/search/11675+Seventh+Avenue,+Richmond,+BC,+V7E+4X2","August 26, 2021 4:00 PM",Apartment, 1, 1,No,"$1,655","Visit our Website: https://www.caprent.com/apartments-for-rent/richmond-bc/fraser-place/
Fraser Place Apartments, the amenities and features you deserve 
Three low-rise buildings invite you to enjoy the serenity of lush landscaping and a central courtyard complete with a gazebo and pond. Most of our apartments are equipped with dishwashers, balconies and all have carpet throughout the living and dining rooms. The spacious layouts offer you more than enough living space for your needs. Situated in the charming seaside community of Old Steveston Village, you are also wonderfully close to all of Richmond's attractions. 
And, since work isn’t everything, you’re also less than a five minute walk to Garry Point Park, the West Dyke Trail, a tranquil Japanese garden and the ocean. Take in a day at the ocean, then come home to our Fraser Place apartments and enjoy the perfect ocean evening breezes. Fraser Place apartments also includes an outdoor swimming pool, a fitness centre, social/games room and a common barbecue area. These apartments for rent in Richmond are all at a location that’s exactly where you want to be. 
Parking from: $40.00
 
What's included in your rent
Water
Have Questions? Contact the Property Manager: (604) 271-4012
 
Building Features
Ask about our furnished suites
Indoor and Outdoor Parking
Lockers
Party Room
Fitness Room
Sauna
Elevators
Onsite office
Balconies
Laundry Room
Outdoor Swimming Pool
Courtyard with Fish Pond
Canada Post parcel lockers available
 
Neighbourhood Features
Walk Score of 60
Lord Byng Elementary 
Shia Muslim Community Ctr 
Pajo's Fish & Chip 
Caesar's Grill & Restaurant 
Super Grocer 
British Home Store 
Steps from Robert Alexander Secondary School
Minutes drive from Steveston Community Centre",N/A,Yes,Not Included,0,1 Year,"August 27, 2021",Yes,Not Available,No,Not Included,No,Not Included,No,Not Included,N/A,N/A,N/A,N/A
1582436804,https://www.kijiji.ca/o-profile/1023304850/listings/1,Owner,https://www.kijiji.ca/v-apartments-condos/richmond-bc/5-bedroom-3-baths-single-family-home-richmond/1582436804,"5 Bedroom, 3 Baths Single Family home Richmond","https://www.google.com/maps/search/10020+No+2+Rd,+Richmond,+BC+V7E+2E3,+Canada","August 25, 2021 1:10 AM",House, 5+, 3,No,"$3,800","Completely new renovated single-family home with high-end appliances located at William & No 2 Road. Huge backyard east facing with very little maintenance. 3 bedrooms on the upper floor and 2 bedrooms plus an office den on the ground floor, Large open kitchen with Bertrazoni gas stove and convection oven. Walking distance to Steveston- London High School and James McKinney Elementary School.",N/A,Yes,Not Included,2,Month-to-month,"September 1, 2021",Yes,"1,850",No,"Laundry (In Unit)
Dishwasher
Fridge / Freezer",No,Yard,Outdoors only,N/A,N/A,N/A,N/A,N/A
1533454876,https://www.kijiji.ca/o-profile/1009981051/listings/1,Owner,https://www.kijiji.ca/v-apartments-condos/richmond-bc/executive-furnished-flexible-terms-w-all-utilities-richmond-oval/1533454876,Executive Furnished Flexible Terms w All Utilities Richmond Oval,"https://www.google.com/maps/search/7468+Lansdowne+Rd,+Richmond,+BC+V7C+0B7,+Canada","July 28, 2021 10:53 PM",Condo, 2, 2,No,"$3,400","Executive Fully Furnished Flexible Terms 2Bd 2Ba, Richmond Oval/City Centre.
Comfy, Meticulously Clean and Healthy Home.
~ INCLUDED: Internet (Unlimited), Cable TV, Electricity, Gas, Water.
~ Concierge daily 9~5pm, 1 parking, 1 locker, Fob entry.
~ Filtered Air and Water systems, Air Cond, European Appliances.
~ All hardwood flooring. Heated bathroom floors.
¤ Location
~ Across from Richmond Oval, 20 mins skytrain to Downtown, 4 km to Airport.
~ In building: Fitness World, Shoppers Drug, TD, Freshii, Dinesty.
~ 3 mins walk to Grocery, Restaurants, Cafes, Clinic, Dental.
~ 8 mins walk to skytrain stations: Lansdowne and Richmond Ctr.
¤ Kitchen
~ Marble backsplash, 5-burner gas cooktop, Keurig, toaster, microwave.
~ Complete kitchen: pots, pans, utensils, bowls, plates, cups, glasses.
¤ Living Room
~ LED Roku SmartTV, Cable TV, High Speed Internet.
~ In-unit Washer and Dryer, Vacuum Cleaner.
¤ Bedrooms: Platform beds, Firm Queen Memory Foam mattresses, bed sheets/blankets.
¤ Bathrooms: Pre-set temp shower, hair dryer, soap/shampoo/conditioner, 4 set of towels.
¤ View: Balcony with city, North Shore views.
¤ Amenities: Clubhouse, Steam Room, Indoor Court/Ping Pong.
~~~~~~~~Rates~~~~~~~~
¤ 03 months lease @ $3500/month; Deposit :$1000.
¤ 12 months lease @ $3400/month; Deposit :$1000.
¤ Strata move-in/out fees (Payable directly to strata).
~~~~~~~~~~~~~~~~~~~~~~~~~~~~
~ Restrictions: no pets, no smoking, no loud parties.
~ Credit, Employment, and landlord references might be checked
~ Reservation is ONLY confirmed with accepted BC Tenancy form and paid Deposit.
~ For availability, application, email/text/call 778-881-2778.
~~~~~~~~~~~~~~~~~~~~~~~~~~~~
Reviews from previous tenants.
~ ""Highly recommend!! Simon our host was extremely attentive & communicative through out our stay. We appreciated the attention to detail & small gestures of hospitality. This condo was very clean, well equipped and located close to shops, restaurants and walkable to the sky train station.""
~""I like Simon's place very much. The place is spotless clean and very stylish. Simon is very nice good at communication.""","Hydro
Heat
Water",Yes,"Cable / TV
Internet",1,1 Year,"October 1, 2021",No,800,Yes,"Laundry (In Unit)
Dishwasher
Fridge / Freezer",Yes,Balcony,No,"Concierge
Bicycle Parking
Storage Space
Elevator in Building",Wheelchair accessible,No,No,No
1579493795,https://www.kijiji.ca/o-profile/1007905917/listings/1,Owner,https://www.kijiji.ca/v-apartments-condos/richmond-bc/modern-5-bedrooms-with-5-bedrooms-house-for-rent/1579493795,Modern 5 bedrooms with 5 bedrooms house for rent,"https://www.google.com/maps/search/,+Richmond++V7A3H9+BC,+Canada","August 5, 2021 2:17 AM",House, 5+, 5,No,"$4,800",5years old modern house with 5 bedrooms and 5 bedrooms for rent in Richmond. Looking for long term tenant. House has air conditioner and radiant heat jacuzzi and steam room. One office and 2 leaving rooms and dining room and two kitchen. Close to shopping mall but in the quiet street. 5 minutes walking distance to elementary school and high school is 5 minutes drive,N/A,Yes,Not Included,3+,1 Year,"August 21, 2021",No,"3,600",No,"Laundry (In Unit)
Dishwasher
Fridge / Freezer",Yes,"Yard
Balcony",No,N/A,N/A,N/A,N/A,N/A
1583367991,https://www.kijiji.ca/o-carlton-park-gardens-apartments/1005707920/listings/1?referral=organic,Professional,https://www.kijiji.ca/v-apartments-condos/richmond-bc/3-bdrm-available-at-10951-mortfield-road-richmond/1583367991,"3 Bdrm available at 10951 Mortfield Road, Richmond","https://www.google.com/maps/search/10951+Mortfield+Road,+Richmond,+BC,+V7A+2W1","August 31, 2021 3:06 PM",Apartment, 3, 1,No,"$1,955","Visit our Website: https://www.caprent.com/apartments-for-rent/richmond-bc/carlton-park-gardens/
Six charming low-rise buildings in the heart of residential Richmond form the setting for Carlton Park Gardens Apartments. These apartments for rent in Richmond, located south of downtown Vancouver, is close to the Steveston Highway and other major commuter routes. Beautifully landscaped grounds and a quiet setting with wonderful views makes this the perfect community for your next home.
Residents of these prime Richmond apartment rentals enjoy large cable ready suites, private balconies and patios, 3 appliances in their apartment as well as building features like outdoor pool and indoor sauna, exercise room, BBQ area, and resident party room.
Living at Carlton Park Gardens puts you only 10 minutes to Vancouver Airport, 25 minutes from the US border and a short commute to Richmonds many shops, schools, and entertainment. Contact us today about making Carlton Park Gardens your next apartment home.
Parking from: $25.00
What's included in your rent
Water, Heat
Have Questions? Contact the Property Manager: (604) 275-2664
Building Features
Cable ready, large suites
Private balconies and patios
3 appliances - fridge, stove and dishwasher
Bathroom storage & big mirrors
Outdoor pool and indoor sauna
Exercise room
Resident party room
BBQ area
Laundry facilities on each floor
Canada Post parcel lockers available
Neighbourhood Features
Just 10 minutes to Vancouver Airport and 25 minutes to the US border.
A 5 minute drive to Hugh Mcroberts Secondary School.
Close to South Arm Community Centre and 5 minutes to Broadmoor Shopping Centre.
Situated in a quiet residential neighbourhood.",N/A,Yes,Not Included,0,1 Year,"October 1, 2021",Yes,Not Available,No,Not Included,No,Not Included,No,Not Included,N/A,N/A,N/A,N/A
1579310752,https://www.kijiji.ca/o-profile/1023162652/listings/1,Owner,https://www.kijiji.ca/v-apartments-condos/richmond-bc/1-bed-price-w-2-parking-9-ceiling-top-floor-private-corner/1579310752,"1 bed price w/ 2 parking, 9"" ceiling, top floor, private corner","https://www.google.com/maps/search/8180+Jones+Rd,+Richmond,+BC+V6Y+3Z6,+Canada","August 19, 2021 11:49 PM",Condo, 1, 1,No,"$1,850","Huge 1 bed price with 2 parking, high ceiling, top floor, at private and quiet corner. Individual corner unit with no unit in above.
This is a fantastic opportunity to live in a quiet and safe neighbourhood in Central Richmond. Spacious 846sf, 9” high ceiling, corner unit, 1 bedroom, 1 bathroom, and 2 parking located at Laguna. Master bedroom has walk-in closet, ensuite bathroom. The living and dining space lead to a Southeast facing. The gas fireplace is perfect for cold winter nights and the in-suite laundry.
Amazing location - General Currie Elementary and 3 high schools are only minutes away. Skytrain, Richmond Center and new Minoru Community Center are walking distance. This suite also comes with 2 secure underground parking and extra storage locker. Amenities include club house for entertaining, 2 gyms, guest parking, and amazing caretaker.
*available September 1, 2021
*Credit and reference checks are requirements
*$400 move in fee applies to new tenant(s) as per Strata
*No pets
*1 year lease only; no month-to-month
*Rent payable by 12 postdated cheques ore transfer and the 1/2 month security deposit due upon signing the tenancy lease
*Tenant(s) must abide by strata bylaws and rules which are issued upon move in
*Tenant insurance mandatory and must be submitted to landlord
*No Smoking of any substances in the unit or on the property
*Tenant responsible for hydro and internet
*No subletting or AirBnB
*COVID protocols will be followed when viewing
This is an unbelievable suite for you and your family to reside. Please email and tell me about yourself, why you are moving and why your family would be the best fit. This is a great opportunity to rent from a professional landlord. My intent is to offer this space to quality tenants.",Water,Yes,Not Included,2,1 Year,"September 1, 2021",No,846,No,Laundry (In Unit),No,Balcony,No,"Gym
Storage Space
Elevator in Building",Wheelchair accessible,Yes,No,No
1582393698,https://www.kijiji.ca/o-profile/1016325274/listings/1,Owner,https://www.kijiji.ca/v-apartments-condos/richmond-bc/beautiful-2-bedroom-condo-unit-at-9288-odlin-road-richmond/1582393698,"Beautiful 2 Bedroom Condo Unit at 9288 Odlin Road, Richmond","https://www.google.com/maps/search/9288+Odlin+Rd,+Richmond,+BC+V6X+1C9,+Canada","August 24, 2021 5:33 PM",Condo, 2, 2,No,"$2,350","Beautiful 2 Bedroom Condo Unit at 9288 Odlin Road, Richmond
Meridian Gate – New laminated flooring, new paint and new light. Gorgeous 2 bedroom, 2 bath with 9 foot ceilings, spacious 1000 sq.ft. with laminated flooring throughout, patio with beautiful view of the club house, garden and swimming pool. Beautiful kitchen features stainless steel appliances, in-suite laundry, gas range, stove, and granite countertop with spacious Nook area. World class amenities include fitness room, media room, pool table, outdoor lounge, children play area, large outdoor swimming pool and hot tub. The 7,000 square feet private clubhouse is a great place for gathering with friends and family. Centrally and quietly located in a friendly neighbourhood. Walking distance to public transit. Steps away from supermarket, Lansdowne Mall, Aberdeen Center, restaurant, Kwantlen University College and Tomsett Elementary School. Easy access to Vancouver International Airport and Oak Street Bridge. Available immediately for $ 2350/m. Rent includes 2 parking stalls in a gated parkade. No smoking, no pets. 1 year lease is required. Please call 604-279-1888 or email achung@castlemanagement.ca for showings.",N/A,Yes,Not Included,1,1 Year,"August 24, 2021",No,"1,000",No,"Laundry (In Unit)
Laundry (In Building)
Dishwasher
Fridge / Freezer",Yes,Balcony,No,"Gym
Pool
Elevator in Building",N/A,N/A,N/A,N/A
1582882178,https://www.kijiji.ca/o-profile/1011399165/listings/1,Owner,https://www.kijiji.ca/v-apartments-condos/richmond-bc/richmond-homestay-looking-for-female-student-professional/1582882178,Richmond homestay looking for female student/professional,"https://www.google.com/maps/search/,+Richmond+V6X1W7+BC,+Canada","August 28, 2021 12:07 AM",House, 1, 1,No,$700,"*Homestay close to Richmond Costco and Sungiven grocery store, easy access to the bus station and SkyTrain.
*One private bedroom with a shared bathroom.
*All utilities and high-speed internet included
*$700 per month without meals
*Street parking
*No smoking, drugs, drinking, pets, parties, or guests","Hydro
Heat
Water",Yes,Internet,1,1 Year,"September 7, 2021",No,120,Yes,Laundry (In Building),No,Not Included,No,N/A,N/A,N/A,N/A,N/A
1583363057,https://www.kijiji.ca/o-profile/52907344/listings/1,Owner,https://www.kijiji.ca/v-apartments-condos/richmond-bc/higher-floor-water-views-2bed-2bath/1583363057,"Higher Floor, Water Views-2Bed/2Bath ","https://www.google.com/maps/search/668+Columbia+St,+New+Westminster,+BC+V3M+1A9,+Canada","August 31, 2021 4:48 AM",Condo, 2, 2,No,"$2,350","Great location! This beautiful unit at Trapp and Holbrook is centrally located in downtown New Westminster. This unit has been freshly painted and features 1 master bedroom with his & her closet and sink, and spacious 2nd bed/bath with closet. Only a short walk to the New Westminster and Columbia SkyTrain station. Close to the River market, Westminster Pier Park, Douglas College, The Plaza and much much more! Minimum one year lease and no pets please.",Water,Yes,Not Included,1,1 Year,"October 1, 2021",No,913,No,"Laundry (In Unit)
Dishwasher
Fridge / Freezer",No,Balcony,No,"Gym
24 Hour Security
Elevator in Building",Wheelchair accessible,Yes,No,No
